"Time","cluster","Value"
1701356399000,cloudone-dev-v1-eks-cluster,45.9724559034662
1701356399000,,2.9401561596575343

